{
  "Pregnancies": -0.0038961038961039416,
  "Glucose": 0.06688311688311688,
  "BloodPressure": 0.018181818181818167,
  "SkinThickness": -0.0350649350649351,
  "Insulin": 0.005194805194805185,
  "BMI": 0.019480519480519477,
  "Age": 0.016883116883116854
}