{
  "best_model": "Random Forest",
  "selection_metric": "accuracy",
  "test_metrics": {
    "accuracy": 0.7337662337662337,
    "precision": 0.6226415094339622,
    "recall": 0.6111111111111112,
    "f1": 0.616822429906542
  }
}